n,ssp1_BHM-LR_0.001,ssp1_BHM-LR_0.015,ssp1_BHM-LR_0.03,ssp1_BHM-LRdiff_0.001,ssp1_BHM-LRdiff_0.015,ssp1_BHM-LRdiff_0.03,ssp1_BHM-SR_0.001,ssp1_BHM-SR_0.015,ssp1_BHM-SR_0.03,ssp1_BHM-SRdiff_0.001,ssp1_BHM-SRdiff_0.015,ssp1_BHM-SRdiff_0.03,ssp1_DJO_0.001,ssp1_DJO_0.015,ssp1_DJO_0.03,ssp1_KAHN_0.001,ssp1_KAHN_0.015,ssp1_KAHN_0.03,ssp2_BHM-LR_0.001,ssp2_BHM-LR_0.015,ssp2_BHM-LR_0.03,ssp2_BHM-LRdiff_0.001,ssp2_BHM-LRdiff_0.015,ssp2_BHM-LRdiff_0.03,ssp2_BHM-SR_0.001,ssp2_BHM-SR_0.015,ssp2_BHM-SR_0.03,ssp2_BHM-SRdiff_0.001,ssp2_BHM-SRdiff_0.015,ssp2_BHM-SRdiff_0.03,ssp2_DJO_0.001,ssp2_DJO_0.015,ssp2_DJO_0.03,ssp2_KAHN_0.001,ssp2_KAHN_0.015,ssp2_KAHN_0.03,ssp3_BHM-LR_0.001,ssp3_BHM-LR_0.015,ssp3_BHM-LR_0.03,ssp3_BHM-LRdiff_0.001,ssp3_BHM-LRdiff_0.015,ssp3_BHM-LRdiff_0.03,ssp3_BHM-SR_0.001,ssp3_BHM-SR_0.015,ssp3_BHM-SR_0.03,ssp3_BHM-SRdiff_0.001,ssp3_BHM-SRdiff_0.015,ssp3_BHM-SRdiff_0.03,ssp3_DJO_0.001,ssp3_DJO_0.015,ssp3_DJO_0.03,ssp3_KAHN_0.001,ssp3_KAHN_0.015,ssp3_KAHN_0.03,ssp4_BHM-LR_0.001,ssp4_BHM-LR_0.015,ssp4_BHM-LR_0.03,ssp4_BHM-LRdiff_0.001,ssp4_BHM-LRdiff_0.015,ssp4_BHM-LRdiff_0.03,ssp4_BHM-SR_0.001,ssp4_BHM-SR_0.015,ssp4_BHM-SR_0.03,ssp4_BHM-SRdiff_0.001,ssp4_BHM-SRdiff_0.015,ssp4_BHM-SRdiff_0.03,ssp4_DJO_0.001,ssp4_DJO_0.015,ssp4_DJO_0.03,ssp4_KAHN_0.001,ssp4_KAHN_0.015,ssp4_KAHN_0.03,ssp5_BHM-LR_0.001,ssp5_BHM-LR_0.015,ssp5_BHM-LR_0.03,ssp5_BHM-LRdiff_0.001,ssp5_BHM-LRdiff_0.015,ssp5_BHM-LRdiff_0.03,ssp5_BHM-SR_0.001,ssp5_BHM-SR_0.015,ssp5_BHM-SR_0.03,ssp5_BHM-SRdiff_0.001,ssp5_BHM-SRdiff_0.015,ssp5_BHM-SRdiff_0.03,ssp5_DJO_0.001,ssp5_DJO_0.015,ssp5_DJO_0.03,ssp5_KAHN_0.001,ssp5_KAHN_0.015,ssp5_KAHN_0.03
arg,0.156327635,0.161546652,0.162778098,0.153356631,0.161521623,0.16299328,0.157912813,0.162007001,0.162961206,0.160082472,0.162717221,0.163262619,0.145407298,0.15834394,0.161769842,0.15800386,0.159911292,0.161054903,0.189936798,0.197878677,0.200252352,0.178573926,0.193726297,0.199341948,0.191989584,0.198613898,0.200523436,0.194181657,0.199497962,0.200879479,0.17370531,0.1899883,0.198293381,0.194788511,0.196562478,0.198062339,0.182178662,0.190176241,0.194415152,0.16950869,0.181727589,0.191702765,0.184435679,0.191349151,0.194852699,0.187045413,0.192714707,0.195367043,0.167105512,0.178569602,0.190765024,0.189502735,0.190570513,0.192275191,0.225394979,0.233565509,0.235607184,0.211854586,0.229176786,0.234268197,0.227670174,0.234276408,0.235883382,0.230243147,0.23508696,0.236201033,0.207431591,0.227413027,0.23391789,0.228961224,0.231387019,0.233050115,0.187014648,0.192930127,0.194292486,0.185374973,0.193071672,0.194432972,0.188147901,0.193317766,0.1944678,0.190670165,0.194164112,0.194791298,0.176346644,0.188289559,0.19305041,0.189857709,0.191270717,0.192375825
aus,0.307205746,0.333022178,0.342092239,0.330395554,0.341767144,0.345249134,0.316372715,0.336665431,0.343447262,0.332305997,0.342428564,0.345544085,0.347655108,0.347654995,0.347654901,0.321695,0.328709057,0.334512004,0.358276463,0.388099742,0.400778982,0.387549349,0.400578254,0.404950997,0.3672453,0.392441153,0.402409766,0.388239175,0.400926341,0.405234233,0.407886235,0.407886104,0.407885993,0.381480199,0.386300842,0.39232173,0.375597615,0.404698709,0.414072742,0.402866392,0.414009917,0.417146123,0.383747665,0.408020524,0.41531282,0.402950501,0.414310174,0.417390242,0.419416035,0.4194159,0.419415786,0.394638907,0.400249567,0.405908722,0.365587297,0.394907278,0.404472832,0.392376143,0.40431702,0.407739892,0.37489771,0.398561763,0.405828331,0.393550237,0.404834281,0.40801614,0.41019128,0.410191148,0.410191036,0.382921906,0.389870769,0.395973565,0.389562401,0.42150508,0.438198145,0.424254413,0.438479073,0.443803591,0.397442891,0.425608765,0.440036995,0.423571936,0.438240093,0.443989156,0.447348361,0.447348216,0.447348094,0.421024027,0.423481251,0.429181712
aut,0.061375871,0.061930429,0.062082306,0.061802034,0.062071729,0.06214161,0.062237769,0.062237731,0.062237699,0.06223144,0.062231409,0.062231384,0.062224864,0.062224842,0.062224823,0.061194244,0.061421119,0.061581341,0.064029795,0.064642616,0.064824874,0.064530878,0.064813692,0.064888563,0.064987151,0.064987111,0.064987078,0.064980559,0.064980527,0.064980501,0.06497371,0.064973687,0.064973668,0.063991744,0.06415927,0.064313503,0.066743969,0.067287043,0.067414451,0.067188302,0.067414374,0.0674666,0.067556884,0.067556843,0.067556808,0.067550099,0.067550067,0.067550039,0.06754305,0.067543026,0.067543006,0.066594082,0.066771168,0.066909873,0.06579291,0.066337609,0.06647273,0.066225844,0.066469677,0.066528424,0.066622576,0.066622535,0.066622501,0.066615833,0.066615801,0.066615774,0.066608827,0.066608804,0.066608784,0.065599661,0.065806998,0.065957422,0.071011937,0.071723968,0.071989093,0.071645068,0.071976059,0.072076191,0.072194702,0.072194658,0.07219462,0.072187307,0.072187272,0.072187242,0.072179624,0.072179599,0.072179577,0.071138158,0.071242067,0.071402655
bel,0.096977035,0.09800486,0.098310621,0.097781964,0.098277871,0.098415199,0.09853529,0.098535266,0.098535246,0.098534066,0.098534044,0.098534026,0.098536962,0.098536936,0.098536914,0.097018448,0.097404769,0.097685374,0.101717946,0.102808701,0.103160944,0.102623983,0.103128764,0.103272383,0.1033944,0.103394375,0.103394354,0.103393119,0.103393096,0.103393077,0.103396151,0.103396123,0.1033961,0.101985952,0.102261739,0.102526286,0.105971446,0.106950495,0.10719714,0.106776139,0.107185853,0.10728552,0.107390345,0.107390319,0.107390297,0.107389028,0.107389004,0.107388984,0.107392145,0.107392117,0.107392093,0.106039435,0.106335564,0.10657405,0.103626886,0.104575823,0.104817065,0.104385117,0.104804169,0.10490711,0.105014342,0.105014317,0.105014296,0.105013046,0.105013023,0.105013003,0.105016115,0.105016087,0.105016063,0.103591794,0.103938895,0.104188131,0.112105831,0.113324207,0.1138138,0.110947327,0.112953961,0.113904105,0.114116903,0.114116875,0.114116852,0.114115474,0.114115449,0.114115427,0.114118856,0.114118825,0.114118799,0.112659369,0.112822503,0.113090028
bgr,0.037110743,0.037371045,0.037429366,0.03634711,0.037152589,0.0373524,0.037497496,0.037506669,0.037508536,0.037548221,0.037548152,0.037548094,0.036044524,0.036994336,0.037301967,0.036921915,0.037025534,0.037086614,0.040315551,0.040678984,0.040782823,0.039300313,0.04021033,0.040615178,0.040840772,0.040871269,0.040876906,0.040921168,0.040921092,0.040921029,0.039556366,0.040219967,0.040609492,0.040247918,0.040338072,0.040409088,0.04128835,0.041685264,0.041861318,0.040406861,0.04103844,0.041577159,0.041916529,0.041967602,0.041979119,0.042026016,0.042025938,0.042025873,0.040571905,0.041074733,0.041605259,0.041318699,0.041392087,0.041477366,0.041635961,0.041943114,0.042011747,0.040348082,0.041498471,0.041848918,0.042078163,0.042096055,0.042099106,0.042143768,0.042143691,0.042143625,0.040609766,0.041537378,0.041867308,0.041461292,0.041564119,0.041629634,0.044092258,0.044432783,0.044514972,0.043591999,0.04426067,0.044433972,0.044573296,0.044603156,0.04460815,0.044656606,0.044656524,0.044656455,0.043671866,0.044127869,0.044360542,0.043963742,0.044042469,0.044107731
blt,0.036554991,0.036680547,0.036709129,0.035796937,0.036437857,0.036675902,0.036766455,0.036766419,0.036766389,0.036760328,0.036760302,0.036760279,0.036751684,0.03675167,0.036751659,0.036403358,0.036467563,0.036506334,0.040403018,0.040574509,0.040620696,0.039909916,0.040426948,0.040611328,0.040686948,0.040686908,0.040686874,0.040680176,0.040680147,0.040680122,0.040670622,0.040670607,0.040670594,0.040296215,0.040351253,0.040395618,0.041944783,0.042143359,0.042217155,0.042109813,0.042209763,0.042240171,0.04229398,0.042293939,0.042293904,0.042286942,0.042286911,0.042286885,0.042277012,0.042276996,0.042276983,0.04188015,0.041926986,0.0419794,0.041739683,0.041881384,0.041912096,0.041268639,0.04180289,0.041920557,0.041975576,0.041975535,0.0419755,0.04196861,0.041968579,0.041968553,0.041958781,0.041958765,0.041958752,0.041579464,0.041643408,0.041684142,0.044401739,0.044578508,0.044623402,0.043975225,0.044395432,0.044582837,0.044693561,0.044693518,0.044693481,0.044686106,0.044686073,0.044686046,0.044675587,0.04467557,0.044675556,0.044288842,0.044335464,0.044378295
bra,0.514891329,0.580950426,0.597785937,0.480814244,0.565853484,0.592722371,0.479112817,0.565559905,0.593330737,0.468274683,0.554228584,0.590926153,0.468157385,0.545253823,0.587055516,0.544221594,0.566712448,0.580733665,0.496664169,0.574635594,0.605739247,0.477893699,0.547617184,0.597679039,0.4779519,0.535906633,0.596656903,0.477936018,0.522477721,0.591132444,0.47781583,0.514317581,0.587225591,0.553054523,0.571628058,0.587559458,0.572604375,0.636029876,0.707387421,0.572467772,0.593253824,0.686187395,0.572537768,0.580301358,0.680771282,0.572518667,0.572519627,0.665429978,0.57237412,0.572375415,0.659410287,0.655348825,0.668427988,0.690882352,0.576636069,0.655328381,0.676249754,0.535993329,0.635212205,0.66999903,0.530316183,0.631824462,0.670316097,0.530298634,0.612106945,0.666739549,0.530165838,0.602253614,0.6622409,0.617397383,0.640083294,0.655896196,0.509194144,0.579747115,0.598622412,0.514265385,0.574978656,0.594740292,0.468289266,0.557989559,0.593148238,0.46827376,0.55119225,0.590807871,0.474816092,0.54691794,0.587766605,0.555497481,0.571031395,0.583018269
can,0.520399166,0.557861122,0.570635502,0.547829524,0.568028849,0.574166438,0.578767025,0.578766009,0.578765151,0.57860525,0.5786045,0.578603866,0.578371429,0.578371064,0.578370756,0.525790113,0.539231104,0.550757579,0.537655365,0.577424921,0.593644862,0.569857189,0.590912071,0.597813773,0.602662095,0.602661038,0.602660145,0.602493954,0.602493173,0.602492514,0.602250933,0.602250553,0.602250232,0.554707296,0.56281424,0.573553956,0.637497067,0.679956594,0.691488731,0.670270966,0.68965988,0.694445607,0.698378953,0.698377731,0.6983767,0.698186859,0.698185957,0.698185196,0.697909221,0.697908783,0.697908412,0.648775154,0.660665354,0.671659678,0.597699728,0.638650825,0.65106884,0.628568611,0.648897984,0.654449328,0.65887703,0.658875875,0.658874899,0.658693808,0.658692955,0.658692235,0.658428989,0.658428574,0.658428224,0.605177774,0.618348077,0.63004328,0.573838458,0.615259876,0.637782286,0.612171037,0.634935709,0.643835932,0.649780174,0.64977903,0.649778063,0.649596326,0.649595482,0.649594768,0.6493306,0.64933019,0.649329843,0.603651923,0.606646405,0.615996358
chl,0.080192371,0.080813629,0.080958233,0.080492835,0.080827354,0.080927636,0.080962614,0.081042987,0.081062069,0.081088498,0.081088481,0.081088467,0.0782349,0.080285246,0.080772585,0.080110758,0.080416698,0.080606612,0.098188023,0.09923165,0.09950498,0.098784696,0.099314142,0.099476249,0.099443131,0.099616332,0.099655699,0.099693853,0.099693832,0.099693814,0.09483537,0.097881143,0.099167434,0.098501464,0.098808332,0.099056111,0.09430012,0.095493499,0.095973054,0.090873688,0.09348251,0.095391554,0.095866734,0.096117041,0.096191451,0.096241933,0.096241913,0.096241896,0.091070716,0.093455582,0.095407814,0.095009527,0.095230376,0.095512383,0.087009927,0.0877585,0.087932602,0.086520038,0.087429372,0.087749159,0.087913762,0.088023332,0.088047581,0.088077439,0.08807742,0.088077405,0.0844252,0.087007373,0.087709918,0.087041651,0.087342418,0.087546579,0.096369073,0.09710332,0.097269361,0.096777587,0.097127093,0.097232761,0.097238864,0.097356899,0.097381714,0.097413905,0.097413885,0.097413867,0.094411012,0.096342166,0.097034517,0.096429655,0.09667023,0.096864872
chn,9.897309536,9.89731742,10.0906276,9.873255247,9.873274006,10.8207571,9.915585601,11.88826824,12.45652884,12.89747232,12.89746288,12.89745492,9.875493882,9.875511626,9.8755266,9.778395865,9.778458121,9.778510657,11.60737738,11.60738668,11.60739453,11.57918789,11.57921002,11.57922869,11.62879593,13.4961868,14.49205406,15.12588378,15.12587265,15.12586325,11.58181133,11.58183226,11.58184993,11.46803045,11.46810387,11.46816583,12.16400263,12.1640124,12.16402065,12.13446009,12.13448334,12.13450296,12.18644953,12.88266526,14.82720588,15.85124357,15.85123188,15.85122201,12.13720943,12.13723143,12.13724999,12.01797175,12.0180489,12.018114,10.78025473,10.78026337,11.18586183,10.75411903,10.75413959,11.20843892,10.8001129,13.00590704,13.58903113,14.04795385,14.0479435,14.04793477,10.75655133,10.75657078,10.75658719,10.65106168,10.65112991,10.6511875,12.42896333,12.42897319,12.77586121,12.3987043,12.39872774,13.61682906,12.45195302,14.723182,15.58898795,15.91909146,16.06179098,16.14122843,12.40152043,12.4015426,12.4015613,12.27936653,12.27944431,12.27950994
cor,0.564819041,0.598757444,0.606966432,0.592350985,0.606680659,0.610031487,0.606986834,0.611182249,0.612167189,0.611821029,0.612744486,0.612881023,0.613133436,0.613133171,0.613132948,0.570938272,0.583485917,0.59142952,0.661075141,0.704575397,0.715452184,0.698172263,0.715143012,0.719040232,0.713296611,0.719954212,0.721338625,0.719420665,0.72181467,0.722150027,0.722504496,0.722504183,0.722503919,0.677704273,0.689298275,0.69793373,0.703820913,0.740706111,0.748358942,0.735735781,0.748562061,0.751349588,0.747473343,0.752468279,0.753421129,0.752269664,0.753907338,0.754116067,0.754454464,0.754454137,0.754453861,0.711780218,0.722958115,0.730743287,0.597025817,0.628154805,0.634876029,0.623160053,0.634940054,0.637534987,0.634521056,0.638557899,0.639395564,0.63879742,0.639874196,0.640019513,0.640293195,0.640292918,0.640292685,0.601536197,0.612551704,0.619613979,0.699554478,0.750550643,0.766002453,0.745703464,0.765710573,0.77068815,0.761155605,0.771094691,0.77325014,0.769882784,0.773664775,0.774275918,0.774748587,0.774748253,0.774747971,0.728445368,0.737403145,0.746695673
cro,0.016801273,0.016824566,0.016829909,0.016679783,0.01677158,0.01679971,0.016851088,0.016851083,0.016851078,0.016865845,0.016865821,0.0168658,0.016686857,0.016777119,0.016803706,0.016706256,0.01671651,0.016722875,0.018729994,0.018765964,0.018776321,0.018591341,0.01869346,0.0187379,0.018799433,0.01880089,0.018801011,0.018817485,0.018817458,0.018817435,0.01863164,0.018702055,0.018742452,0.018639616,0.018648956,0.018656691,0.019866718,0.01990822,0.019925726,0.019741083,0.019813821,0.019876513,0.019950586,0.019953499,0.01995398,0.01997144,0.019971411,0.019971386,0.019768379,0.019825577,0.0198827,0.019781489,0.019789562,0.019798938,0.017021624,0.017047813,0.017053685,0.016883099,0.016989968,0.017022867,0.017074559,0.017074983,0.017074979,0.017089901,0.017089876,0.017089855,0.016911299,0.016996517,0.01702682,0.016930031,0.016939583,0.016945815,0.019685996,0.019715689,0.019722705,0.019587981,0.019662401,0.019687215,0.01974586,0.019747286,0.019747425,0.019764762,0.019764733,0.019764709,0.019624097,0.019669571,0.019691656,0.0195829,0.019590695,0.019597315
dnk,0.0355095,0.035762015,0.035842222,0.035700058,0.035830279,0.035868596,0.035907882,0.035907871,0.035907862,0.035905719,0.03590571,0.035905703,0.035903374,0.035903368,0.035903363,0.035479583,0.035577864,0.035653822,0.037004805,0.037265716,0.037355611,0.037214516,0.037344185,0.037383427,0.03742316,0.037423149,0.037423139,0.037420912,0.037420903,0.037420895,0.037418475,0.037418468,0.037418463,0.03702901,0.037094964,0.037164642,0.038553943,0.03879112,0.038853811,0.038741717,0.038848716,0.038875755,0.038910827,0.038910815,0.038910805,0.038908512,0.038908502,0.038908494,0.038906003,0.038905996,0.03890599,0.038529403,0.038602949,0.038666512,0.037966209,0.038200165,0.038261805,0.038145321,0.038256115,0.038284073,0.038319697,0.038319685,0.038319675,0.038317401,0.038317391,0.038317383,0.038314912,0.038314905,0.0383149,0.037916096,0.038005696,0.038072646,0.041290137,0.04158311,0.041712312,0.041528749,0.041691181,0.041750697,0.041801541,0.041801528,0.041801517,0.041799003,0.041798993,0.041798984,0.041796252,0.041796245,0.041796239,0.041388478,0.041423087,0.041492374
egy,0.261509384,0.273273134,0.27621243,0.249807712,0.269473711,0.275069262,0.256064484,0.271631231,0.275805344,0.252698797,0.270802466,0.2756981,0.239732272,0.265398612,0.274152474,0.268037355,0.271217752,0.273131503,0.303077525,0.318781495,0.324306824,0.287706239,0.311157301,0.322325406,0.293677238,0.313804483,0.323309954,0.290187284,0.311306618,0.322910695,0.28343393,0.306211407,0.320686033,0.315673759,0.318304052,0.320650738,0.300846775,0.315666277,0.324747881,0.286329593,0.304232823,0.321176749,0.291628183,0.308112211,0.322749775,0.290734442,0.305535159,0.321909505,0.283750338,0.299294312,0.318270675,0.317111559,0.318703182,0.321338066,0.280600174,0.293058261,0.296218903,0.26753163,0.288502297,0.29494373,0.273410171,0.290766972,0.295718919,0.268970928,0.289350579,0.295552159,0.255725765,0.283322675,0.293891062,0.288055729,0.290874583,0.292815493,0.313717235,0.328519259,0.332732985,0.297874015,0.323631328,0.331394482,0.302363714,0.325283516,0.33205291,0.307283814,0.324594661,0.331770522,0.307292647,0.322478736,0.330302633,0.325117028,0.32738845,0.329288013
esp,0.236675512,0.24664725,0.249360166,0.213168223,0.236696449,0.246879527,0.247437408,0.250001566,0.25064311,0.251071812,0.251071804,0.251071798,0.251144315,0.251144194,0.251144092,0.23974037,0.243127251,0.245429904,0.246597147,0.257849129,0.261399499,0.222256506,0.246078216,0.259205222,0.258536047,0.261970036,0.262819686,0.263309282,0.263309274,0.263309268,0.263385187,0.263385061,0.263384954,0.252549932,0.25508991,0.257380507,0.257981621,0.268736619,0.271479198,0.267488523,0.271429531,0.272354711,0.269002642,0.272018485,0.272658832,0.271468766,0.272698705,0.272933491,0.273137864,0.273137733,0.273137623,0.262764999,0.265424086,0.267542121,0.252412831,0.262718906,0.2653684,0.261261527,0.265295723,0.266261475,0.263203183,0.265956829,0.266584488,0.265580947,0.266647063,0.2668693,0.267073663,0.267073535,0.267073426,0.256086546,0.259172496,0.261381637,0.270424251,0.283086859,0.28808555,0.250088497,0.270319129,0.283856436,0.283884529,0.288602302,0.289887351,0.290044608,0.290536396,0.290536389,0.290621022,0.290620882,0.290620764,0.27957971,0.28129163,0.283651002
fin,0.040322873,0.040731453,0.040864857,0.0390314,0.040336667,0.040853464,0.040978755,0.040978701,0.040978655,0.040969147,0.040969108,0.040969076,0.04095377,0.040953757,0.040953746,0.040192704,0.040373691,0.040522624,0.041855466,0.042286535,0.042446954,0.042160674,0.042407165,0.042483852,0.042566754,0.042566697,0.042566649,0.042556808,0.042556768,0.042556734,0.042540892,0.042540879,0.042540867,0.041851406,0.041962016,0.042099177,0.043848339,0.044265107,0.044380208,0.044138173,0.044353848,0.044408261,0.04448347,0.044483411,0.044483361,0.044473176,0.044473135,0.044473099,0.044456704,0.04445669,0.044456678,0.043780387,0.043911953,0.044042469,0.043111141,0.043504158,0.043609648,0.043370956,0.0435837,0.043637008,0.043712325,0.043712267,0.043712218,0.043702142,0.043702101,0.043702066,0.043685847,0.043685833,0.043685821,0.042969406,0.043136385,0.043271029,0.046723463,0.047199407,0.047440159,0.046096749,0.046844639,0.04734366,0.047600625,0.047600561,0.047600508,0.04758937,0.047589325,0.047589287,0.047571358,0.047571343,0.04757133,0.046866099,0.046909575,0.047034988
fra,0.270013741,0.289582763,0.295762208,0.252141562,0.287312728,0.296887953,0.29925142,0.299251349,0.299251288,0.299254031,0.299253956,0.299253892,0.299281081,0.299280965,0.299280868,0.276821235,0.283655479,0.288727533,0.281253711,0.301860117,0.309502605,0.257736276,0.292481269,0.310015821,0.312571945,0.313349204,0.313397124,0.313399992,0.313399913,0.313399846,0.313428269,0.313428148,0.313428045,0.29290247,0.297491829,0.302338019,0.298402031,0.319112351,0.32547109,0.315889554,0.324830657,0.327239461,0.327992673,0.328812626,0.328812559,0.328815543,0.32881546,0.32881539,0.328844948,0.328844821,0.328844714,0.308619009,0.31361349,0.318323263,0.291952895,0.311494149,0.316994301,0.307754153,0.316404037,0.318621505,0.319922071,0.320122341,0.320122276,0.320125197,0.320125117,0.320125048,0.320153996,0.320153872,0.320153768,0.299014605,0.305215265,0.309936552,0.30731521,0.329545881,0.339725131,0.280974387,0.315283511,0.338384846,0.342351977,0.344225941,0.344628418,0.344646087,0.344646,0.344645926,0.344677442,0.344677309,0.344677196,0.324459055,0.327207009,0.331947737
gbr,0.459635289,0.485988124,0.493990986,0.479148725,0.492483602,0.49620603,0.498483092,0.498482882,0.498482705,0.498473786,0.498473604,0.49847345,0.498474132,0.498473949,0.498473794,0.466305793,0.476768415,0.484356749,0.476270097,0.503739595,0.513148744,0.498007841,0.511559082,0.515595298,0.517965346,0.517965128,0.517964944,0.517955704,0.517955515,0.517955356,0.517956063,0.517955873,0.517955712,0.489149714,0.496312185,0.503462473,0.502297133,0.527910867,0.53483003,0.522312538,0.533802924,0.536730753,0.53865426,0.538654035,0.538653844,0.538644361,0.538644165,0.538644,0.538644729,0.538644532,0.538644366,0.511191683,0.51899125,0.525576664,0.49494437,0.520606849,0.52748626,0.514313774,0.526374416,0.529420984,0.531402711,0.531402488,0.5314023,0.531392859,0.531392665,0.531392502,0.531393225,0.531393031,0.531392866,0.501619968,0.511119981,0.51805649,0.529903878,0.560557446,0.573202019,0.55637856,0.571458741,0.57654435,0.579502232,0.579501987,0.57950178,0.579491304,0.579491091,0.579490912,0.57949171,0.579491496,0.579491316,0.550355323,0.554797307,0.562044802
golf57,1.180537516,1.354199194,1.466972293,1.179612631,1.202378248,1.407762409,1.180660972,1.329312791,1.460731421,1.180890245,1.330720396,1.464582648,1.179338044,1.179340378,1.371658585,1.243035251,1.317043771,1.380458952,1.312301326,1.396300763,1.596493451,1.311268115,1.31127044,1.499386729,1.312439243,1.31858203,1.573127039,1.312695367,1.312696443,1.570952138,1.310961366,1.31096396,1.449537453,1.397116513,1.443198617,1.509804116,1.393900885,1.393902399,1.599048233,1.392803262,1.392805741,1.438829517,1.3940474,1.394048786,1.545831957,1.394319493,1.394320641,1.536266413,1.392477392,1.392480158,1.392482493,1.484668297,1.49965869,1.559643425,1.307744326,1.32564909,1.552913118,1.306712621,1.30671494,1.416853339,1.307882041,1.307883337,1.526454237,1.308137792,1.308138865,1.528160406,1.306406319,1.306408907,1.355197976,1.361903813,1.407939315,1.480881403,1.375389408,1.524273245,1.706880506,1.374304774,1.404102441,1.638516396,1.375534187,1.476300335,1.689754712,1.375803055,1.476906973,1.688009256,1.373982756,1.384874714,1.598903732,1.506280004,1.553441291,1.616363015
grc,0.05801693,0.059045987,0.059295613,0.058870398,0.059289047,0.059383089,0.05906411,0.059350028,0.059414269,0.059305645,0.059419712,0.059443423,0.059471962,0.059471888,0.059471826,0.05825243,0.058623028,0.058838437,0.059669318,0.060815379,0.061125655,0.060684522,0.061121214,0.061220672,0.06080568,0.061170566,0.061249651,0.061090964,0.061250147,0.061280242,0.061310423,0.061310347,0.061310283,0.060157287,0.060454789,0.060665971,0.062544935,0.063603146,0.0638326,0.063481995,0.063839044,0.063912826,0.063577372,0.063882799,0.063940544,0.063821291,0.063945367,0.063967067,0.063995276,0.063995198,0.063995132,0.062881692,0.063175467,0.063366066,0.061881393,0.062924403,0.063158096,0.062776403,0.063159992,0.063241226,0.062916732,0.063210695,0.063270439,0.063160572,0.063276138,0.063298141,0.063326748,0.063326671,0.063326605,0.062147987,0.062486386,0.062688755,0.0667422,0.068094878,0.068579067,0.068043474,0.068577108,0.068714794,0.068077857,0.068612209,0.068744592,0.068505277,0.068738359,0.068786581,0.068825292,0.068825206,0.068825134,0.067584284,0.067817485,0.068057561
hun,0.040282147,0.040582244,0.040656277,0.039140767,0.040152551,0.040560772,0.040738425,0.040741471,0.04074146,0.040742057,0.040742044,0.040742033,0.040747672,0.040747652,0.040747635,0.040134301,0.040247445,0.040317517,0.044719377,0.045075025,0.045167601,0.044823735,0.045065803,0.045149686,0.045239446,0.045257859,0.045260569,0.04526136,0.045261346,0.045261334,0.04526758,0.045267558,0.045267539,0.044629316,0.044725693,0.044797418,0.046613794,0.046925615,0.046990343,0.046898018,0.047005449,0.047027703,0.047060452,0.047074733,0.047076078,0.04707676,0.047076745,0.047076733,0.047083172,0.047083149,0.047083129,0.046457481,0.0465518,0.046615266,0.046784188,0.047093999,0.047161328,0.046952177,0.047116968,0.047165483,0.047239837,0.047249948,0.04725083,0.047251519,0.047251504,0.047251491,0.047258002,0.047257978,0.047257958,0.04659877,0.046708689,0.046777668,0.049539031,0.049966046,0.050113665,0.048745044,0.049537553,0.049957041,0.050181733,0.050222314,0.050229671,0.050231923,0.050231907,0.050231893,0.050238887,0.050238862,0.050238841,0.049542775,0.049614185,0.04969496
idn,0.554885246,0.616335738,0.629754728,0.587645013,0.620153859,0.629480769,0.491075298,0.592893721,0.623139901,0.524757726,0.601289229,0.622299442,0.491041819,0.594314826,0.623134259,0.5870538,0.60625252,0.617001834,0.5990956,0.683240643,0.705571803,0.577575685,0.675849582,0.703183268,0.55212374,0.627303156,0.693706909,0.552034614,0.609566221,0.684514126,0.552086068,0.634215645,0.694436505,0.659802389,0.677476345,0.690350889,0.598006549,0.694777347,0.738210214,0.583821833,0.680634295,0.733978133,0.583725909,0.604202476,0.714695577,0.58363152,0.588317993,0.696634345,0.583686013,0.617046474,0.717071017,0.690638082,0.705968246,0.722582984,0.581534022,0.637074609,0.648891116,0.591005435,0.635597696,0.647464298,0.505659778,0.612064272,0.642178656,0.505578465,0.605648859,0.638244657,0.505625409,0.614169936,0.642293935,0.609057168,0.625088231,0.635213309,0.677948784,0.75945941,0.777509278,0.735664048,0.768807419,0.77794784,0.605540142,0.725377142,0.768715882,0.663544787,0.745440662,0.769717751,0.632574647,0.731849926,0.769229172,0.735467597,0.751590448,0.762869436
irl,0.036549255,0.036707012,0.036756552,0.036398318,0.036702815,0.036770909,0.036800599,0.036800594,0.036800589,0.03679983,0.036799826,0.036799822,0.036799594,0.03679959,0.036799586,0.036516005,0.036577553,0.036626006,0.038378531,0.038541428,0.038595632,0.038508947,0.038589893,0.038614896,0.038640777,0.038640771,0.038640766,0.038639971,0.038639966,0.038639962,0.038639723,0.038639718,0.038639714,0.038375942,0.03841826,0.038462853,0.039764308,0.039908203,0.039947385,0.039878889,0.039945413,0.039963261,0.039986155,0.039986149,0.039986145,0.039985329,0.039985324,0.03998532,0.039985075,0.039985071,0.039985067,0.039730018,0.039776016,0.03981708,0.039084122,0.039231868,0.039272613,0.039198521,0.03926994,0.03928915,0.039312749,0.039312744,0.039312739,0.039311932,0.039311927,0.039311923,0.03931168,0.039311676,0.039311672,0.039040317,0.03909624,0.039140235,0.042657369,0.042840679,0.042912439,0.042233239,0.042632475,0.042898579,0.042969441,0.042969435,0.042969429,0.042968535,0.04296853,0.042968525,0.042968256,0.042968251,0.042968247,0.042691139,0.04271526,0.042759676
ita,0.29002035,0.30293738,0.306217458,0.298298352,0.304995939,0.306844494,0.304512028,0.307201447,0.30783592,0.307482714,0.308161281,0.308247125,0.308335103,0.308334922,0.308334769,0.293697824,0.298380125,0.301337912,0.300790182,0.315559085,0.319865157,0.3136686,0.319650103,0.321125295,0.317080892,0.320796188,0.321645091,0.320141673,0.321698541,0.321993204,0.322209009,0.32220882,0.322208661,0.308222217,0.311902967,0.314884857,0.317356047,0.3313193,0.334614852,0.3294733,0.334528322,0.335651474,0.332291857,0.335479882,0.336114985,0.334945349,0.336192326,0.33640791,0.336600931,0.336600735,0.336600568,0.323175402,0.326951645,0.329693106,0.310909804,0.324280798,0.327477175,0.32216647,0.327357351,0.32853072,0.325483522,0.328393579,0.329017603,0.328069245,0.329121225,0.329320215,0.329509907,0.329509714,0.329509551,0.315335788,0.319660484,0.322510781,0.329502664,0.346243533,0.352205169,0.330126056,0.344555591,0.350803494,0.347998547,0.35315908,0.35441522,0.354473993,0.355040772,0.355040745,0.355135309,0.3551351,0.355134924,0.340818964,0.343546208,0.346685607
jpn,0.953018022,1.073303225,1.10486638,1.044810964,1.102240733,1.115295825,1.10456491,1.1192418,1.122542398,1.122279612,1.124673763,1.124684817,1.124992885,1.124992311,1.124991826,0.978155123,1.027159614,1.058939113,0.982909225,1.11664418,1.155613379,0.961666252,1.13143451,1.166129695,1.148374752,1.170185947,1.174666017,1.174070115,1.176696241,1.17723364,1.177555086,1.177554485,1.177553978,1.034339278,1.075704999,1.107967269,1.085923558,1.213484227,1.243057278,1.192141987,1.242087978,1.253087488,1.238965555,1.256488586,1.259790512,1.256119322,1.261478254,1.261999147,1.262341538,1.262340895,1.262340352,1.121451964,1.163851054,1.194452323,0.978935761,1.086230282,1.110506769,1.065404647,1.109496674,1.119059094,1.108995082,1.12227914,1.124953284,1.123601183,1.126614217,1.126787744,1.127094916,1.127094342,1.127093857,0.99846185,1.040751483,1.068037899,1.036779457,1.185992761,1.238421766,1.164124298,1.235436969,1.252753152,1.221603496,1.253832421,1.260476531,1.25002203,1.26179377,1.263492723,1.264111622,1.264110976,1.264110432,1.119859159,1.154197577,1.187972542
meme,0.142307502,0.145761894,0.146795031,0.142421467,0.145172076,0.14629237,0.143124829,0.146083083,0.146936847,0.144969667,0.146647892,0.147128713,0.134684806,0.142168308,0.145761927,0.143644086,0.144531093,0.145146746,0.153930631,0.157795432,0.15943148,0.154235326,0.157304343,0.15882704,0.154449556,0.158084869,0.159587623,0.15686215,0.159077916,0.159867761,0.148739634,0.153860378,0.157965412,0.156434992,0.157010069,0.157650797,0.15891005,0.162424172,0.164851544,0.153383272,0.158138486,0.163083628,0.159369864,0.162744963,0.16505325,0.160006269,0.163251536,0.165351479,0.154196072,0.157705238,0.162506704,0.162170512,0.162474409,0.163133253,0.147479225,0.151100654,0.153065429,0.141426427,0.146730692,0.151559741,0.148188968,0.151518865,0.153263266,0.149184703,0.152161719,0.153532206,0.140709765,0.146002401,0.151105219,0.150101455,0.150670978,0.151372667,0.160396502,0.164424151,0.166304667,0.161416789,0.1644227,0.165830652,0.160431483,0.164345932,0.166416953,0.163432136,0.165868566,0.166749438,0.158546505,0.161962933,0.164963473,0.163531435,0.163976237,0.164567403
mex,0.456036419,0.483314004,0.489729875,0.459815661,0.48022244,0.487116468,0.457963741,0.484062304,0.490107014,0.472559878,0.487317788,0.49102145,0.40058293,0.463645524,0.484231812,0.467398702,0.475984015,0.481196658,0.58272879,0.628546478,0.643844606,0.586155656,0.623468739,0.63901402,0.581371662,0.628171178,0.644202881,0.607005407,0.636700145,0.646045405,0.520388366,0.587715513,0.631979685,0.61602327,0.624612617,0.632206527,0.561538615,0.60286892,0.63215564,0.510731402,0.552742563,0.61405227,0.559996267,0.601171469,0.632323447,0.563262952,0.603147384,0.634223721,0.510050375,0.547848219,0.606702497,0.608958162,0.613330762,0.621918391,0.518626674,0.553384301,0.562090381,0.514674966,0.546844711,0.558147181,0.519072806,0.553886057,0.56248076,0.53666716,0.558008943,0.563519051,0.449478427,0.521690862,0.554590272,0.537174368,0.545969975,0.552025069,0.5678917,0.603362134,0.611852629,0.581931311,0.602928792,0.609539376,0.560570257,0.601491167,0.611991282,0.587689311,0.608690956,0.613315751,0.540356706,0.584916688,0.605486581,0.590009201,0.596847143,0.602139112
mys,0.274542588,0.283556023,0.285952804,0.281541162,0.285209442,0.286298919,0.263578032,0.279825597,0.284842021,0.27417871,0.282926752,0.285435984,0.261826235,0.279318479,0.284623531,0.279567025,0.281919428,0.283473928,0.287440314,0.298283218,0.302105469,0.296411031,0.300981954,0.302564534,0.273037383,0.290146196,0.300146546,0.286296837,0.296829447,0.301289968,0.27217655,0.289631153,0.299952596,0.296231404,0.297924287,0.299561306,0.303418534,0.314644672,0.321042109,0.310613604,0.317313549,0.321148663,0.288471772,0.302659866,0.317435796,0.298628975,0.30923702,0.318268288,0.288344649,0.302484626,0.317238148,0.315626112,0.316754166,0.318642891,0.321086562,0.331748388,0.334633717,0.327378765,0.332725282,0.334544515,0.306573059,0.32631494,0.333211281,0.317218579,0.329249578,0.333281662,0.304844341,0.325737445,0.332981251,0.327739384,0.330033449,0.331738907,0.304588725,0.314744107,0.317640761,0.31387297,0.317238383,0.318180926,0.290625401,0.309169054,0.316161094,0.303551732,0.314023354,0.317242219,0.296758778,0.310074299,0.31606231,0.312149721,0.313636783,0.315043921
nde,2.493288112,2.493290256,2.927612785,2.492540602,2.492543335,2.844074371,2.492229106,2.492232083,2.711525502,2.491691523,2.491694924,2.563706043,2.491593278,2.491596756,2.670306712,2.480617904,2.480630074,2.576855819,2.865778956,2.865781425,3.221306818,2.86491657,2.864919717,3.091114666,2.864557204,2.864560632,2.864563527,2.863937006,2.863940922,2.863944229,2.863823663,2.863827668,2.86383105,2.851161666,2.851175678,2.851187508,2.880293001,2.880295486,2.880297584,2.879423191,2.879426357,2.879429031,2.87906073,2.87906418,2.879067094,2.878435193,2.878439134,2.878442461,2.878320875,2.878324905,2.878328308,2.865549882,2.865563981,2.865575886,2.671857973,2.671860279,3.084323666,2.671056307,2.671059246,2.981361711,2.670722244,2.670725446,2.795532551,2.670145716,2.670149373,2.670152461,2.670040354,2.670044094,2.755062386,2.658270155,2.65828324,2.693022882,2.86749536,2.867497822,3.381715453,2.866634834,2.866637972,3.28769976,2.866276242,2.866279661,3.107556331,2.86565738,2.865661285,2.941370527,2.865544281,2.865548275,3.085390795,2.852909303,2.852923273,3.006442973
nld,0.149614255,0.151810216,0.152461155,0.151315346,0.152380749,0.152674469,0.15292078,0.152920743,0.152920713,0.152916864,0.152916832,0.152916804,0.152918588,0.152918555,0.152918526,0.149790636,0.150624084,0.151227614,0.156823244,0.159181394,0.159958032,0.1587703,0.159873634,0.160190942,0.160444593,0.160444555,0.160444523,0.160440491,0.160440458,0.160440429,0.160442298,0.160442262,0.160442232,0.157541356,0.158131199,0.158706059,0.164776758,0.166995592,0.16758555,0.16659206,0.16754057,0.16777896,0.168004691,0.168004651,0.168004617,0.168000426,0.168000391,0.168000361,0.168002305,0.168002267,0.168002236,0.165157693,0.165792297,0.166331243,0.15994988,0.162100748,0.16267382,0.16165424,0.162623053,0.162867548,0.163095247,0.163095209,0.163095176,0.163091089,0.163091055,0.163091026,0.16309292,0.163092884,0.163092854,0.160113409,0.160867654,0.161425989,0.17127017,0.173855521,0.17490441,0.173608293,0.174818005,0.175216888,0.175522155,0.175522113,0.175522078,0.175517636,0.1755176,0.175517569,0.175519627,0.175519588,0.175519555,0.172582754,0.172931336,0.173501954
noan,0.100848143,0.102363308,0.102693847,0.10020151,0.10191811,0.102442828,0.101266764,0.102498362,0.102759953,0.101950212,0.102675367,0.102836577,0.096755608,0.101128482,0.102325506,0.101051048,0.101543775,0.101825866,0.116954407,0.11924955,0.119898145,0.112860353,0.117528346,0.119443848,0.117345453,0.119421205,0.119981234,0.117599274,0.11961092,0.120080322,0.113360213,0.117308227,0.119304887,0.1180458,0.118512955,0.118869335,0.117167023,0.119529775,0.120910596,0.113401984,0.116819935,0.119974689,0.117566517,0.119784709,0.121036068,0.11803318,0.120119996,0.121199158,0.113950172,0.116538212,0.119673655,0.119153945,0.119447879,0.119894403,0.108181778,0.110073236,0.110526645,0.104625649,0.10876629,0.110157296,0.10859953,0.110228204,0.110600712,0.109120234,0.110419985,0.110687138,0.103668294,0.108391155,0.110052086,0.108777056,0.109258411,0.109574781,0.120815543,0.122755643,0.123189807,0.120365501,0.122326196,0.122915877,0.120840098,0.122814998,0.123252754,0.121966996,0.123118491,0.123343666,0.119374992,0.121782644,0.122787719,0.121523147,0.121912819,0.122193318
noap,0.190382556,0.195243631,0.196441369,0.181794444,0.19240858,0.195491924,0.19155761,0.195645132,0.196626224,0.192916591,0.196134565,0.196849163,0.178149543,0.19106098,0.195197483,0.191692747,0.19316512,0.19412422,0.225069871,0.232245299,0.234621524,0.212805507,0.226461899,0.23298772,0.226058196,0.232725542,0.234861617,0.226744975,0.233311982,0.235176659,0.214277836,0.225683536,0.232473953,0.22931616,0.230578871,0.23178064,0.228894977,0.236134562,0.240586998,0.216817241,0.227741294,0.237404003,0.22987878,0.236773446,0.240942095,0.231182013,0.237742223,0.241458533,0.218943822,0.226744876,0.236414297,0.235723508,0.236428702,0.237788512,0.210841158,0.216764261,0.218326495,0.200072778,0.212572401,0.217096011,0.211951535,0.217205966,0.218536177,0.213475211,0.217808872,0.21879992,0.196385616,0.211049491,0.21672392,0.213180779,0.214596431,0.215672121,0.227241282,0.233487041,0.23515265,0.219100011,0.230454224,0.23405115,0.227123776,0.233562812,0.235313033,0.226974536,0.233872172,0.235544935,0.223034476,0.230132627,0.233697107,0.230493946,0.23155881,0.232520378
nor,0.044088187,0.04437773,0.04447796,0.044277626,0.044450522,0.044506717,0.044576688,0.044576666,0.044576647,0.044568959,0.044568943,0.044568929,0.044556815,0.044556809,0.044556804,0.043955573,0.044077746,0.044187423,0.045752534,0.046047612,0.046159713,0.045961416,0.046132242,0.04619061,0.046262173,0.04626215,0.046262131,0.046254172,0.046254155,0.046254141,0.046241601,0.046241594,0.046241589,0.045696927,0.045767675,0.045864738,0.047398394,0.04767206,0.047752149,0.047588233,0.047734711,0.0477758,0.047839369,0.047839345,0.047839325,0.047831188,0.047831171,0.047831156,0.047818335,0.047818328,0.047818323,0.047289994,0.047376813,0.047470374,0.045316343,0.045582871,0.045661686,0.04549428,0.045643391,0.045685646,0.045749053,0.04574903,0.045749011,0.045741163,0.045741146,0.045741132,0.045728766,0.04572876,0.045728755,0.045176821,0.045284546,0.045381891,0.050219202,0.05054654,0.050701669,0.050480951,0.050669093,0.050745744,0.0508329,0.050832874,0.050832853,0.050823996,0.050823977,0.050823962,0.050810007,0.05081,0.050809994,0.050253252,0.050277356,0.050363131
oeu,0.11993823,0.121580346,0.121954999,0.113151952,0.119301796,0.121219242,0.122261062,0.122306833,0.122316083,0.12242758,0.122427334,0.122427126,0.113347091,0.119454583,0.121302963,0.119570586,0.120252157,0.120672469,0.132457848,0.134860202,0.135525226,0.124903368,0.13151757,0.134461743,0.135770546,0.135947423,0.135979441,0.136110578,0.136110304,0.136110073,0.127220968,0.131977659,0.134548205,0.132978589,0.133588022,0.134083475,0.137872212,0.140650055,0.141796995,0.131356217,0.136135738,0.140135995,0.142026709,0.142338318,0.1424055,0.142550856,0.142550569,0.142550326,0.132805283,0.136599551,0.140299771,0.139181369,0.139698698,0.140295094,0.119392742,0.121136964,0.121530514,0.111829783,0.118683379,0.120784901,0.121779255,0.121868202,0.121883069,0.121995827,0.121995582,0.121995374,0.113338716,0.118883236,0.120860607,0.11925148,0.119858488,0.120261923,0.141816746,0.144031057,0.144567091,0.136735155,0.141883763,0.143667012,0.144776868,0.144957762,0.144987827,0.145128934,0.145128642,0.145128395,0.138968938,0.142139718,0.143748736,0.142091887,0.142607855,0.143055654
osea,0.63259377,0.74613958,0.777298081,0.613104068,0.725597029,0.770215819,0.613115956,0.710555378,0.766564793,0.613037452,0.681896387,0.759673492,0.612923296,0.689631201,0.759542014,0.690932412,0.726516109,0.749497047,0.651206984,0.767122905,0.818519617,0.651007922,0.734161616,0.807936605,0.651020575,0.692511605,0.798409572,0.650937018,0.655296977,0.785057431,0.650815514,0.659491783,0.788412497,0.735091766,0.762769865,0.788339105,0.681341772,0.748668119,0.83699985,0.681133414,0.70058195,0.817573235,0.681146657,0.681147341,0.797139504,0.681059198,0.681059955,0.772025274,0.68093202,0.680932883,0.780031251,0.762865648,0.780348472,0.809437868,0.559788509,0.619752819,0.689826313,0.559617203,0.581840038,0.67489443,0.559628092,0.559628651,0.662973516,0.559556185,0.559556805,0.642440644,0.559451623,0.559452329,0.647952948,0.616400453,0.639467777,0.666306297,0.711600357,0.844254858,0.881825302,0.694130327,0.814658927,0.873826886,0.69414382,0.784450332,0.867355047,0.694054718,0.764519713,0.857899793,0.693925151,0.775597505,0.86015001,0.804778694,0.830850355,0.852714659
pol,0.268955246,0.280591269,0.283515716,0.220451165,0.260453721,0.279229949,0.285449379,0.285449153,0.285448963,0.285420449,0.285420268,0.285420116,0.285392214,0.285392078,0.285391963,0.270079257,0.27500553,0.278164221,0.295807921,0.309440609,0.313050948,0.26007104,0.300284781,0.312860949,0.31513465,0.315134401,0.315134191,0.315102799,0.3151026,0.315102432,0.315071714,0.315071563,0.315071436,0.30009795,0.304157299,0.307368459,0.314249243,0.326248226,0.328827578,0.323850738,0.32860744,0.329630315,0.330608347,0.330608086,0.330607866,0.33057515,0.330574941,0.330574764,0.33054275,0.330542592,0.330542459,0.316199223,0.32027259,0.323188487,0.315287834,0.32751481,0.33023834,0.299254097,0.326283068,0.330871692,0.332125628,0.332125366,0.332125145,0.332092091,0.332091881,0.332091704,0.33205936,0.332059202,0.332059068,0.316421586,0.321287125,0.324435917,0.326838217,0.343196335,0.348583961,0.289679364,0.322859562,0.341646851,0.351331456,0.351331179,0.351330945,0.351295664,0.351295443,0.351295255,0.351260734,0.351260566,0.351260424,0.335486934,0.33845856,0.341995544
prt,0.04056513,0.040801127,0.040861174,0.040109851,0.040663192,0.040828319,0.04070839,0.040849259,0.040883805,0.040817213,0.040885293,0.040900703,0.040922025,0.040922007,0.040921991,0.04055356,0.040636046,0.040687647,0.042141724,0.042404012,0.042477288,0.042184259,0.042393118,0.042468867,0.042289984,0.042458096,0.042500889,0.042422909,0.042500365,0.042518417,0.042541167,0.042541147,0.042541131,0.042185481,0.042249979,0.042300185,0.043805844,0.044042544,0.044096526,0.044022308,0.044105003,0.044123447,0.043939347,0.044086237,0.044117561,0.044055745,0.044119401,0.044132622,0.044154021,0.044154001,0.044153984,0.04380873,0.043873319,0.04391836,0.043395492,0.043636121,0.043693604,0.04296729,0.04353135,0.043686134,0.043536478,0.043682665,0.043715831,0.043640728,0.043715743,0.043731496,0.043754,0.04375398,0.043753963,0.043387591,0.043463261,0.04351247,0.047020429,0.047326548,0.047431539,0.046402188,0.047032838,0.047364752,0.047180473,0.047394964,0.04746064,0.047302267,0.047447078,0.047482396,0.047511426,0.047511405,0.047511386,0.047127051,0.047175712,0.047230651
rcam,0.234382999,0.239347792,0.240433618,0.235157719,0.239144646,0.240246114,0.227616837,0.23754548,0.239895142,0.228671243,0.237240087,0.239620415,0.226435427,0.237266119,0.23976877,0.236439339,0.237910262,0.23875455,0.259384265,0.266724038,0.268801889,0.259912223,0.266435609,0.268529383,0.248692273,0.261996787,0.267758479,0.248584509,0.260059473,0.267050189,0.247840604,0.261637156,0.267636311,0.264472527,0.265813439,0.266864286,0.248608349,0.255972856,0.260139379,0.245589652,0.254058254,0.259508971,0.238590579,0.248522083,0.257822526,0.239735651,0.247433146,0.256324572,0.238528569,0.248016957,0.257667415,0.256412346,0.257192166,0.258424839,0.250392428,0.258332326,0.261842648,0.247117653,0.256706594,0.261333668,0.240687034,0.252115574,0.260154936,0.235207473,0.247901203,0.258813916,0.239760784,0.251528666,0.259946362,0.257368843,0.258761581,0.260082479,0.255241464,0.260796612,0.261977919,0.257267946,0.260879835,0.261831443,0.247225813,0.258583951,0.26138328,0.24862108,0.258086776,0.261082374,0.251254768,0.258819639,0.261301144,0.258487794,0.259548833,0.260283262
rcz,0.096002152,0.097839038,0.098351949,0.097411126,0.098296469,0.098526307,0.098766113,0.098766053,0.098766003,0.098754925,0.098754877,0.098754837,0.098744573,0.098744536,0.098744505,0.095939981,0.096646497,0.097142649,0.105808485,0.107921369,0.108569024,0.107542733,0.108510926,0.108767375,0.109024615,0.10902455,0.109024494,0.1090123,0.109012247,0.109012202,0.109000905,0.109000864,0.109000829,0.106233165,0.106774306,0.107273328,0.109557301,0.111405589,0.111840066,0.111066948,0.111821598,0.111993219,0.112216665,0.112216598,0.11221654,0.11220412,0.112204065,0.112204019,0.112192513,0.11219247,0.112192435,0.109586203,0.110151009,0.110588825,0.111714009,0.113672167,0.114158854,0.113263094,0.114126557,0.114331076,0.114577097,0.114577028,0.11457697,0.114564175,0.114564119,0.114564072,0.114552219,0.114552176,0.11455214,0.111627122,0.112324472,0.112822531,0.119704834,0.122208424,0.123187422,0.121958747,0.123121663,0.123477642,0.123804003,0.123803928,0.123803866,0.123789862,0.123789803,0.123789752,0.123776779,0.123776733,0.123776694,0.12077434,0.121114079,0.121650543
rfa,0.599882196,0.647112386,0.659657526,0.634512735,0.657708057,0.663443179,0.667525104,0.667524851,0.667524637,0.667483936,0.667483729,0.667483554,0.667451897,0.667451726,0.667451581,0.605135758,0.625536531,0.63939528,0.618963161,0.671725258,0.687023587,0.66011652,0.684887513,0.691149265,0.695308469,0.695308205,0.695307982,0.695265706,0.69526549,0.695265308,0.695232426,0.695232248,0.695232097,0.637339612,0.653183181,0.666747588,0.664062351,0.711118721,0.721825684,0.70103714,0.720628144,0.725017049,0.728439282,0.728439006,0.728438773,0.728394811,0.728394585,0.728394394,0.728360202,0.728360015,0.728359858,0.673781094,0.69029321,0.702504327,0.650165356,0.696775962,0.707886006,0.685592902,0.706469686,0.711278454,0.714934325,0.714934055,0.714933826,0.714890419,0.714890198,0.714890011,0.71485625,0.714856067,0.714855912,0.656062919,0.675003137,0.687973936,0.678331863,0.738961863,0.76038532,0.729286311,0.758007812,0.766069745,0.771235524,0.771235232,0.771234985,0.771187665,0.771187426,0.771187224,0.771150419,0.771150221,0.771150054,0.711159551,0.722262298,0.736674111
ris,0.549478344,0.596149484,0.607177143,0.471483504,0.524613291,0.588405415,0.614263925,0.614263681,0.614263475,0.614993809,0.61499279,0.614991929,0.471599048,0.531042147,0.590970699,0.559852928,0.577677294,0.588684397,0.544115128,0.601586575,0.619514122,0.482592074,0.524111716,0.592934884,0.627508497,0.628740391,0.62874018,0.629489242,0.629488197,0.629487315,0.48271058,0.534155381,0.595819622,0.574337293,0.587584393,0.599486152,0.556335646,0.618123173,0.649660579,0.510316722,0.520352786,0.602667322,0.661078895,0.664711512,0.664869797,0.66566516,0.665664053,0.665663118,0.510442553,0.52801287,0.608683032,0.604120957,0.613257861,0.627287178,0.568629348,0.622669158,0.636279308,0.49438203,0.546025199,0.614122032,0.644093276,0.644093019,0.644092802,0.644857226,0.644856154,0.644855249,0.494502961,0.555082692,0.616924903,0.588712803,0.60519162,0.616727613,0.576211069,0.627127825,0.639402576,0.495889714,0.582749904,0.622223979,0.644118081,0.646057994,0.646057777,0.646824812,0.646823741,0.646822836,0.528966268,0.590949125,0.624450123,0.600059281,0.61174828,0.621402893
rjan57,0.046965157,0.047448019,0.047562224,0.046993916,0.047386801,0.047515425,0.046895846,0.047431248,0.047558317,0.047136683,0.047476961,0.047568632,0.046054828,0.047181918,0.047472957,0.04709807,0.04726136,0.047359709,0.055071321,0.055724259,0.055911723,0.055024534,0.055617938,0.055839331,0.054919862,0.055675358,0.055902071,0.05523457,0.055750172,0.055916182,0.05375952,0.055163976,0.055761145,0.055403332,0.055542434,0.055661849,0.058139025,0.05888661,0.059235652,0.057244978,0.058379028,0.059072886,0.05796488,0.058790336,0.059213924,0.057941039,0.058759213,0.059219422,0.05679449,0.05798862,0.058964255,0.058733128,0.058830592,0.058973828,0.054379924,0.055120117,0.055423893,0.053517986,0.054698725,0.0552882,0.054248977,0.055055935,0.055409042,0.054264211,0.055064901,0.055418486,0.053072281,0.054391407,0.055205415,0.054884381,0.05503072,0.055177917,0.058573421,0.059247035,0.059421053,0.058758729,0.059219348,0.059372073,0.058336836,0.059169401,0.059409313,0.05881065,0.059295441,0.059429725,0.057652448,0.058745603,0.059283975,0.058948491,0.0590738,0.059180352
rom,0.063572317,0.06395868,0.064037059,0.063303198,0.063704781,0.063840784,0.06418478,0.064184737,0.0641847,0.064262868,0.064262725,0.064262603,0.061484167,0.063374116,0.063823615,0.063117092,0.063312486,0.063423184,0.069589228,0.070234124,0.070381968,0.067218514,0.069283476,0.070024126,0.070559745,0.070559697,0.070559657,0.070645546,0.070645388,0.070645254,0.067894108,0.069416506,0.070083615,0.069355972,0.069556345,0.069694218,0.073978363,0.074841747,0.0751604,0.071793713,0.073357686,0.074547357,0.075401741,0.075401689,0.075401646,0.075493635,0.075493465,0.075493322,0.072235706,0.073499687,0.074646252,0.074033711,0.074216301,0.074404564,0.07219988,0.072684821,0.072780311,0.06953906,0.071895673,0.072478383,0.072948343,0.072948293,0.072948252,0.073036916,0.073036753,0.073036615,0.070028576,0.072012966,0.072530439,0.071748897,0.071955809,0.072080193,0.077273666,0.077786045,0.077886481,0.07715456,0.077548412,0.077674812,0.078060504,0.078060451,0.078060406,0.078155499,0.078155324,0.078155176,0.07637411,0.077283708,0.077632584,0.076857046,0.077030165,0.077150013
rsaf,0.441811543,0.503651483,0.520376271,0.452365007,0.501566655,0.517845663,0.407264934,0.480960928,0.514670463,0.410101532,0.483353009,0.512817773,0.407151434,0.468889903,0.511233697,0.481394002,0.498118808,0.508386913,0.47887419,0.549860716,0.579799583,0.48406985,0.547180042,0.575740878,0.457236744,0.502844592,0.567797152,0.457188636,0.493857122,0.56182642,0.45710857,0.494363533,0.563030741,0.540992466,0.553194572,0.565190262,0.483653989,0.544111066,0.595675081,0.480425006,0.514404205,0.583537573,0.48043884,0.487536092,0.570410256,0.480388015,0.483410951,0.555705892,0.480303429,0.480304299,0.561195866,0.564727396,0.570262741,0.583056228,0.463886989,0.524458651,0.572602238,0.462730107,0.496788826,0.560703202,0.46274342,0.468249832,0.547696269,0.462694509,0.462695235,0.53215181,0.462613107,0.462613946,0.537614818,0.536990141,0.545848901,0.55965259,0.523684303,0.598623977,0.624358899,0.548869513,0.604317441,0.622499446,0.488383747,0.570229566,0.616358248,0.488332627,0.566998575,0.613204126,0.500897625,0.570507091,0.613223017,0.589479201,0.601598497,0.611833475
rsam,0.485341941,0.521549106,0.530016227,0.479638863,0.515954616,0.527120076,0.470082351,0.517402735,0.528916833,0.481583558,0.518955445,0.528918034,0.422583954,0.500205372,0.524179102,0.503512775,0.514681874,0.521361932,0.577073879,0.632607775,0.650455905,0.527892336,0.60828778,0.644060749,0.548542341,0.618488049,0.647596682,0.52795812,0.606226757,0.646316872,0.506933589,0.587850856,0.638770213,0.619967985,0.630477379,0.639396631,0.549401254,0.601845244,0.634759613,0.505197923,0.562373948,0.621918042,0.523199989,0.578096254,0.628310055,0.513673101,0.563506535,0.625091944,0.500140744,0.541197449,0.611414451,0.608417459,0.614765242,0.625038562,0.515996734,0.563767316,0.577359258,0.472926259,0.545343973,0.572382044,0.49376134,0.555179819,0.575479478,0.482074021,0.550369145,0.574887496,0.449509927,0.522858351,0.568030023,0.548363913,0.559404285,0.567405302,0.575761765,0.621533891,0.632696409,0.590332874,0.621046038,0.630437776,0.538190166,0.610919424,0.630920864,0.5727064,0.618963963,0.631521955,0.544625327,0.600606721,0.625933929,0.60835433,0.616852905,0.623414274
rsas,0.41481456,0.448914896,0.456519693,0.378929848,0.437790004,0.453127344,0.40248179,0.445757085,0.455741091,0.395565778,0.444734291,0.455720376,0.354439991,0.427105194,0.45077434,0.431716746,0.441627057,0.447363444,0.368467455,0.407349633,0.41960594,0.332015217,0.387944986,0.414697441,0.350334313,0.398502339,0.417889386,0.34115339,0.392386561,0.41739313,0.327213185,0.378859386,0.411174329,0.397466456,0.404461438,0.410396881,0.372434019,0.410068868,0.436081276,0.345375286,0.376501266,0.424570143,0.35529508,0.393163304,0.43120393,0.351224529,0.385499722,0.429458046,0.345278421,0.368262525,0.416414912,0.416469642,0.420282426,0.427445985,0.401869643,0.444577611,0.470554391,0.372016015,0.411578659,0.458699395,0.385992356,0.43122705,0.466781167,0.379933929,0.425230537,0.465752412,0.371912248,0.390253405,0.44960445,0.445312546,0.452223354,0.460847416,0.399717323,0.436126868,0.444888651,0.363562211,0.425742714,0.441758419,0.372062114,0.430055582,0.443782634,0.384698944,0.429344234,0.443495765,0.381494837,0.421634657,0.439654215,0.425694258,0.432034592,0.436726408
rsl,0.026136482,0.026285751,0.026324844,0.025762818,0.026207459,0.026331864,0.026384092,0.02638407,0.026384052,0.026381022,0.026381005,0.02638099,0.02637834,0.026378327,0.026378315,0.026007317,0.026066472,0.026105963,0.029072244,0.029248615,0.029297977,0.029224319,0.029301771,0.029320723,0.029363247,0.029363223,0.029363203,0.029359838,0.029359819,0.029359803,0.02935686,0.029356845,0.029356832,0.028969209,0.029017593,0.029057993,0.030390095,0.030546579,0.030581316,0.030526733,0.030588163,0.03060157,0.030643116,0.030643091,0.03064307,0.030639586,0.030639566,0.030639549,0.030636502,0.030636486,0.030636472,0.030251338,0.030300663,0.030337028,0.030452646,0.0306115,0.030648494,0.03058691,0.030654513,0.030669741,0.030712573,0.030712548,0.030712527,0.030709014,0.030708994,0.030708977,0.030705904,0.030705888,0.030705875,0.030301066,0.03035971,0.030399428,0.032267801,0.032474599,0.032548276,0.032353985,0.032514974,0.032569855,0.032627786,0.032627759,0.032627737,0.032623965,0.032623944,0.032623926,0.032620627,0.03262061,0.032620595,0.032199352,0.032232207,0.03227584
rus,1.25307622,1.506147838,1.580881713,1.25025304,1.250253673,1.515529859,1.626810721,1.626808227,1.626806121,1.626161012,1.626159211,1.62615769,1.625165481,1.625164742,1.625164119,1.241000073,1.349460378,1.437155378,1.311041341,1.523273323,1.645729429,1.311392547,1.311393214,1.478788107,1.706363305,1.706360684,1.706358471,1.705682164,1.705680271,1.705678673,1.704638475,1.704637699,1.704637044,1.316961501,1.39447684,1.486827262,1.353512118,1.487287323,1.675126198,1.35387402,1.353874709,1.534707316,1.7616336,1.761630891,1.761628604,1.760931703,1.760929747,1.760928095,1.759856216,1.759855414,1.759854737,1.35659136,1.411221697,1.510429539,1.240993176,1.49590572,1.569905692,1.239756945,1.259163136,1.553016694,1.613143315,1.613140838,1.613138746,1.612501178,1.612499389,1.612497878,1.611517257,1.611516524,1.611515904,1.250781658,1.348088518,1.431027191,1.393986231,1.667104909,1.763266905,1.394361138,1.497637645,1.738193228,1.814334305,1.814331528,1.814329182,1.813607227,1.813605221,1.813603527,1.812493138,1.812492316,1.812491621,1.44322273,1.51580786,1.60239167
slo,0.010821045,0.010839307,0.010844619,0.01076275,0.010820541,0.010844812,0.010860819,0.010860812,0.010860806,0.010859846,0.01085984,0.010859835,0.010859131,0.010859126,0.010859122,0.010765381,0.010772273,0.01077722,0.012026121,0.012047162,0.012054017,0.012007311,0.012046091,0.012058831,0.012072012,0.012072004,0.012071997,0.012070933,0.012070926,0.012070921,0.01207014,0.012070134,0.01207013,0.011969381,0.01197465,0.011979672,0.012424261,0.012443282,0.012447968,0.012443476,0.012451285,0.012453104,0.012465447,0.012465439,0.012465432,0.012464344,0.012464338,0.012464332,0.012463534,0.012463528,0.012463523,0.012362487,0.012368144,0.012372615,0.012377974,0.012397625,0.012402788,0.012397259,0.012405977,0.012408113,0.012420693,0.012420685,0.012420678,0.012419585,0.012419578,0.012419572,0.01241877,0.012418765,0.01241876,0.012314833,0.012321589,0.012326557,0.013458551,0.013482406,0.013492511,0.013416446,0.013461529,0.013489166,0.013513846,0.013513837,0.013513829,0.013512626,0.013512618,0.013512612,0.013511729,0.013511723,0.013511717,0.013399743,0.013402842,0.013408035
sui,0.035413968,0.035731173,0.035822247,0.035656775,0.035815423,0.035858278,0.035922961,0.035922941,0.035922924,0.03591773,0.035917714,0.035917701,0.03591154,0.03591153,0.035911521,0.035280477,0.035406806,0.035499882,0.036894588,0.037238676,0.037347973,0.037175957,0.037340763,0.037387116,0.03745401,0.037453989,0.037453971,0.037448567,0.037448551,0.037448537,0.037442127,0.037442116,0.037442107,0.036840512,0.036928858,0.037017513,0.038322201,0.038644496,0.038727858,0.038584184,0.038725957,0.038760882,0.038823255,0.038823233,0.038823215,0.038817663,0.038817646,0.038817632,0.038811047,0.038811036,0.038811026,0.038222858,0.038318612,0.038401088,0.036525713,0.036834395,0.036916768,0.036769786,0.036913743,0.036950391,0.037012741,0.03701272,0.037012702,0.03700737,0.037007353,0.03700734,0.037001014,0.037001003,0.037000994,0.03639799,0.036508874,0.036594839,0.039772775,0.04015778,0.04030907,0.040115981,0.040301037,0.040360393,0.040437733,0.040437711,0.040437691,0.040431802,0.040431785,0.04043177,0.040424785,0.040424773,0.040424763,0.039805582,0.03985551,0.039942876
swe,0.045003817,0.045584427,0.045786411,0.045424307,0.045743668,0.045845104,0.045942619,0.04594259,0.045942566,0.045935608,0.045935587,0.045935569,0.045925425,0.045925415,0.045925406,0.044957445,0.045176202,0.045365949,0.047085417,0.047689415,0.047928964,0.047562169,0.047885611,0.047994565,0.048095419,0.04809539,0.048095365,0.048088096,0.048088074,0.048088056,0.048077458,0.048077448,0.048077439,0.047197829,0.047328707,0.04750112,0.048925675,0.049502749,0.049674019,0.049366633,0.049646615,0.049722966,0.049809043,0.049809013,0.049808987,0.049801542,0.04980152,0.049801501,0.049790647,0.049790636,0.049790627,0.048942446,0.049100803,0.049264536,0.048242804,0.048809487,0.04897603,0.048659893,0.048947447,0.049026195,0.049114937,0.049114907,0.049114882,0.049107481,0.049107459,0.04910744,0.049096651,0.04909664,0.049096631,0.048180549,0.04838189,0.04855585,0.052476048,0.053135575,0.053472122,0.05157592,0.052778854,0.053468595,0.053694935,0.053694902,0.053694874,0.053686668,0.053686644,0.053686623,0.05367466,0.053674648,0.053674638,0.052775298,0.052824313,0.052979374
tha,0.327427047,0.340508396,0.343296343,0.335739327,0.341611871,0.343284716,0.308985522,0.335729697,0.341896011,0.32360685,0.338420857,0.342025443,0.306452683,0.335168524,0.341627433,0.333260514,0.337158533,0.339371969,0.334243894,0.352109302,0.35661274,0.345510249,0.353974193,0.356536681,0.307604429,0.341750184,0.35437408,0.325605636,0.347531037,0.354636276,0.306046074,0.341296772,0.354150814,0.346620805,0.350092589,0.352531904,0.338109736,0.359186583,0.368555448,0.330611213,0.354958702,0.367363607,0.312278108,0.341586788,0.363950287,0.316358867,0.337314353,0.36090951,0.312625954,0.34089925,0.363767497,0.358494411,0.361510877,0.36470525,0.376931369,0.392312232,0.395570201,0.370341433,0.390621579,0.394964477,0.351800725,0.385404422,0.393816032,0.334932346,0.379885841,0.39254422,0.349006467,0.384804348,0.393537444,0.384621148,0.388537719,0.390985702,0.368660717,0.385372251,0.389070175,0.382357042,0.387856308,0.389348325,0.34691814,0.378827248,0.38722041,0.365734509,0.383511356,0.387947681,0.358467084,0.379569741,0.387055048,0.379472837,0.382525991,0.384749371
tur,0.373803187,0.408696607,0.417791545,0.325228717,0.367627032,0.405411386,0.415513659,0.421300246,0.422671525,0.4239866,0.423986105,0.423985687,0.325273471,0.36716858,0.406069242,0.384040726,0.396314736,0.404434274,0.432730118,0.480413501,0.497835449,0.389090297,0.419960074,0.476821654,0.490939208,0.50244031,0.505255668,0.507248784,0.507248192,0.507247692,0.389144072,0.425925182,0.477264596,0.461037439,0.471244311,0.481285006,0.409062351,0.448288442,0.479711565,0.380975758,0.383879563,0.439150421,0.471216155,0.48699916,0.493299386,0.496680691,0.496680111,0.496679621,0.381028709,0.387886973,0.440844918,0.449113389,0.453835885,0.464343816,0.392728781,0.433674756,0.446117493,0.348019509,0.38011666,0.429542349,0.441770185,0.450122222,0.452089368,0.453703897,0.453703367,0.453702919,0.348067561,0.382050557,0.430372077,0.410985953,0.422140063,0.431110849,0.459180409,0.504018479,0.516642593,0.401880461,0.465868775,0.501868702,0.510216522,0.520189544,0.52223868,0.523915456,0.523914845,0.523914329,0.423674098,0.469935777,0.502448955,0.483678946,0.492552271,0.500999536
ukr,0.323668404,0.329486009,0.330701894,0.29186349,0.318710956,0.327890661,0.331816227,0.331815909,0.331815641,0.332168199,0.332167249,0.332166447,0.295707033,0.32071849,0.328456821,0.32278105,0.325439108,0.326916168,0.307116344,0.314296004,0.316127546,0.282668434,0.303487534,0.312599607,0.317362667,0.317362363,0.317362106,0.317698623,0.317697713,0.317696945,0.290389011,0.305353739,0.313203619,0.308760602,0.310837617,0.312378875,0.310740804,0.319023875,0.322067981,0.290155992,0.305092156,0.316887817,0.323681696,0.323681385,0.323681123,0.324023666,0.324022737,0.324021952,0.294830377,0.306776182,0.317711101,0.314514646,0.316303422,0.318149772,0.306389456,0.311817346,0.312925604,0.280749481,0.30360109,0.310377812,0.313947303,0.313947003,0.313946749,0.314278619,0.314277719,0.314276959,0.285057187,0.304716606,0.310862534,0.305862725,0.308042955,0.309358169,0.343041982,0.35005679,0.351612999,0.326747749,0.342690129,0.348614139,0.352806471,0.352806134,0.352805849,0.353181972,0.353180963,0.35318011,0.333986357,0.344218129,0.349158419,0.344267344,0.346141692,0.347586832
usa,3.323762556,3.32376727,3.450295192,3.325142455,3.325144943,3.724444569,3.326771165,3.898551084,4.170651885,4.276475643,4.279276877,4.302679722,4.321963187,4.321960621,4.321958453,3.304017144,3.304053971,3.304085077,3.78174518,3.781750548,3.8309656,3.783310748,3.783313581,3.789139791,3.785158614,4.282667718,4.709902898,4.774904891,4.843150487,4.884644902,4.917472499,4.917469578,4.917467111,3.759343832,3.75938574,3.759421138,3.920604225,3.92060978,4.270548214,3.922209795,4.162134393,4.730601574,3.924104899,4.664218849,4.954038056,4.495037323,4.976390753,5.068141134,5.097966199,5.097963176,5.097960623,3.897632539,3.897675902,3.897712528,3.651116931,3.651122109,3.914903743,3.652625419,3.801284509,4.364156484,3.654405913,4.328795444,4.602885287,4.284090205,4.644933428,4.721203705,4.747602015,4.747599197,4.747596817,3.629532422,3.629572848,3.629606993,3.955767688,3.955773308,3.955778056,3.957425625,3.957428591,4.149542265,3.959382483,4.265937185,4.859503165,4.532189158,4.90405169,5.073135266,5.143836156,5.143833098,5.143830514,3.932041847,3.93208574,3.932122817
vnm,0.266735297,0.278024179,0.280407636,0.2589923,0.276037916,0.279633335,0.255318879,0.275297469,0.279515577,0.245009196,0.273096474,0.279001239,0.24577396,0.272853787,0.278666373,0.270376257,0.27401336,0.276129696,0.269283285,0.285861049,0.289869018,0.258396104,0.282523877,0.288834483,0.250814201,0.279255044,0.288402661,0.247437807,0.275816016,0.287474401,0.240015706,0.274972255,0.287285751,0.279627439,0.28297354,0.28534269,0.276759555,0.297911398,0.306193771,0.26453401,0.291280317,0.304364105,0.257284494,0.285165141,0.303260446,0.256180844,0.280466885,0.301332481,0.250190372,0.27907148,0.301354552,0.295314588,0.298414882,0.301542402,0.306098596,0.320679647,0.323731138,0.29573264,0.318016572,0.322791565,0.289279062,0.316474225,0.32257682,0.275309608,0.312438273,0.32184294,0.276750196,0.312761567,0.321520226,0.312479474,0.316311552,0.318723851,0.299621136,0.313694022,0.316593078,0.28782551,0.310752094,0.315738157,0.277434768,0.309264761,0.315453708,0.284477411,0.30783445,0.314792187,0.287090504,0.308036214,0.314580215,0.306961442,0.309889586,0.311963809
zaf,0.375395835,0.415716235,0.426510761,0.332753804,0.390093119,0.418874939,0.391384869,0.42101353,0.428374893,0.40654596,0.425840834,0.43019187,0.332731189,0.381406415,0.417023195,0.394027943,0.407071309,0.415472154,0.404686882,0.452804782,0.469347254,0.367117807,0.408731544,0.457948807,0.420271539,0.4597791,0.471661098,0.433162088,0.465904041,0.47392594,0.367092878,0.406054512,0.4552094,0.437690395,0.448034688,0.457221163,0.400042947,0.446053214,0.473231758,0.373263061,0.392495162,0.454432513,0.414815833,0.456195153,0.476667109,0.429908344,0.465743868,0.480015199,0.373237925,0.390018707,0.44970727,0.443914386,0.451467503,0.461936066,0.400444877,0.43941252,0.448918154,0.349566569,0.412706975,0.441679904,0.414959138,0.444003154,0.450583487,0.42901714,0.448285,0.452232346,0.349542977,0.401888569,0.439904767,0.418568506,0.42993996,0.437688062,0.437206011,0.486070139,0.500790084,0.39060095,0.454273431,0.491361781,0.448713849,0.49107075,0.5026978,0.4589472,0.496434682,0.504694415,0.403943949,0.456182796,0.489049121,0.471399886,0.48016325,0.488475817
